id;name;jhi_file;jhi_file_content_type
1;Wisconsin Facilitator Incredible;65636f2d63656e7472696320426564666f72647368697265206d657368;image/png
2;Configuration UIC-Franc;436f6e637265746520426564666f72647368697265;image/png
3;portal calculating Metal;53796e657267697374696320506572736f6e616c204c6f616e204163636f756e7420536c65656b;image/png
4;Borders;696e637562617465;image/png
5;interfaces;67656e65726174696e67;image/png
6;Computers Small Fresh Gloves back-end;636f6d7072657373206c6176656e64657220496e766573746d656e74204163636f756e74;image/png
7;backing up;5068696c697070696e65205065736f204d6574616c;image/png
8;Strategist;6d696e64736861726520476f7267656f7573;image/png
9;Chips;536f6d205275737469632046726f7a656e204b6579626f61726420524f49;image/png
10;Benin;616c61726d204a616d61696361;image/png
